csvCon,06/01/2019 25:51:11, Error in line 4 -hour out of range
csv Charity Fundraiser,15/13/2019 11:57:42, Error in line 12 -mon out of range
csv Super Happy Fun Time!!,32/01/2019 18:29:58, Error in line 18 -argument out of range
A csv Affair,54/01/2019 12:26:27, Error in line 25 -argument out of range
The csv Awards,12/01/2019 25:58:24, Error in line 27 -hour out of range
An Occasion for csv,04/13/2019 19:36:59, Error in line 29 -mon out of range
csvru,21/01/2019 24:16:16, Error in line 37 -min out of range
csvru,15/20/2019 06:01:54, Error in line 38 -argument out of range
csvru,15/01/2019 23:47:61, Error in line 47 -sec out of range
csvru,21/01/2019 24:16:16, Error in line 57 -min out of range
csvru,15/20/2019 06:01:54, Error in line 58 -argument out of range
csvru,15/01/2019 23:47:61, Error in line 67 -sec out of range
